"FullName","Length","LastWriteTime"
"D:\mountain_work\115_osm\outputs\script_inputs\ch6_5_5_radar_v1_axis_refinement_input_pack_v1\input_pack_manifest_v1.csv","0","2026/6/19 上午 09:51:02"
"D:\mountain_work\115_osm\outputs\script_inputs\ch6_5_5_radar_v1_axis_refinement_input_pack_v1\activity_history_context\personal_activity_history_numeric_attribution_summary_v0_5.csv","606","2026/6/19 上午 08:16:18"
"D:\mountain_work\115_osm\outputs\script_inputs\ch6_5_5_radar_v1_axis_refinement_input_pack_v1\activity_history_context\personal_activity_history_numeric_attribution_v0_5.csv","14875","2026/6/19 上午 08:16:18"
"D:\mountain_work\115_osm\outputs\script_inputs\ch6_5_5_radar_v1_axis_refinement_input_pack_v1\activity_history_context\personal_activity_history_primary_full_context_v0_4.csv","53913","2026/6/19 上午 08:16:18"
"D:\mountain_work\115_osm\outputs\script_inputs\ch6_5_5_radar_v1_axis_refinement_input_pack_v1\docs\CURRENT_INDEX_updated_20260617_ch6_5_route_load_context_index_v1.md","1845","2026/6/19 上午 05:36:55"
"D:\mountain_work\115_osm\outputs\script_inputs\ch6_5_5_radar_v1_axis_refinement_input_pack_v1\docs\CURRENT_INDEX_updated_20260618_ch6_5_5_activity_history_numeric_attribution.md","2724","2026/6/19 上午 08:16:18"
"D:\mountain_work\115_osm\outputs\script_inputs\ch6_5_5_radar_v1_axis_refinement_input_pack_v1\docs\README_current_pipeline_updated_20260617_ch6_5_route_load_context_index_v1.md","3750","2026/6/19 上午 05:36:55"
"D:\mountain_work\115_osm\outputs\script_inputs\ch6_5_5_radar_v1_axis_refinement_input_pack_v1\docs\README_current_pipeline_updated_20260618_ch6_5_5_activity_history_numeric_attribution.md","13038","2026/6/19 上午 08:16:18"
"D:\mountain_work\115_osm\outputs\script_inputs\ch6_5_5_radar_v1_axis_refinement_input_pack_v1\docs\route_load_context_index_run_report_v1.md","2293","2026/6/19 上午 05:36:55"
"D:\mountain_work\115_osm\outputs\script_inputs\ch6_5_5_radar_v1_axis_refinement_input_pack_v1\docs\terrain_movement_efficiency_axis_admission_report_v1_2.md","6349","2026/6/19 上午 07:06:21"
"D:\mountain_work\115_osm\outputs\script_inputs\ch6_5_5_radar_v1_axis_refinement_input_pack_v1\primary_window_evidence\route_load_behavior_response_candidate_windows_v1.csv","1121026","2026/6/19 上午 05:36:55"
"D:\mountain_work\115_osm\outputs\script_inputs\ch6_5_5_radar_v1_axis_refinement_input_pack_v1\primary_window_evidence\route_load_context_activity_summary_v1.csv","9304","2026/6/19 上午 05:36:55"
"D:\mountain_work\115_osm\outputs\script_inputs\ch6_5_5_radar_v1_axis_refinement_input_pack_v1\primary_window_evidence\route_load_context_windows_v1.csv","1883443","2026/6/19 上午 05:36:55"
"D:\mountain_work\115_osm\outputs\script_inputs\ch6_5_5_radar_v1_axis_refinement_input_pack_v1\radar_baseline\personal_activity_performance_radar_report_safe_activity_summary_v1_terrain_axis.csv","37505","2026/6/19 上午 08:18:10"
"D:\mountain_work\115_osm\outputs\script_inputs\ch6_5_5_radar_v1_axis_refinement_input_pack_v1\radar_baseline\personal_activity_performance_radar_report_safe_audit_v1_terrain_axis.csv","1775","2026/6/19 上午 08:18:10"
"D:\mountain_work\115_osm\outputs\script_inputs\ch6_5_5_radar_v1_axis_refinement_input_pack_v1\radar_baseline\personal_activity_performance_radar_report_safe_axis_table_v1_terrain_axis.csv","167776","2026/6/19 上午 08:18:10"
"D:\mountain_work\115_osm\outputs\script_inputs\ch6_5_5_radar_v1_axis_refinement_input_pack_v1\radar_baseline\personal_activity_performance_radar_report_safe_manifest_v1_terrain_axis.csv","10279","2026/6/19 上午 08:18:10"
"D:\mountain_work\115_osm\outputs\script_inputs\ch6_5_5_radar_v1_axis_refinement_input_pack_v1\terrain_axis_admission\terrain_movement_efficiency_activity_summary_v1.csv","18484","2026/6/19 上午 05:47:45"
"D:\mountain_work\115_osm\outputs\script_inputs\ch6_5_5_radar_v1_axis_refinement_input_pack_v1\terrain_axis_admission\terrain_movement_efficiency_axis_admission_audit_v1_2.csv","2263","2026/6/19 上午 07:06:21"
"D:\mountain_work\115_osm\outputs\script_inputs\ch6_5_5_radar_v1_axis_refinement_input_pack_v1\terrain_axis_admission\terrain_movement_efficiency_axis_admission_gate_detail_v1_2.csv","2727","2026/6/19 上午 07:06:21"
"D:\mountain_work\115_osm\outputs\script_inputs\ch6_5_5_radar_v1_axis_refinement_input_pack_v1\terrain_axis_admission\terrain_movement_efficiency_axis_update_v1.csv","18230","2026/6/19 上午 05:47:45"
