schema_version,summary_type,summary_key,activity_count,score_allowed_count,zero_fallback_true_count
ib3w_sunshine_drying_context_v1,drying_context_status,BLOCKED_BY_GATE,26,0,0
ib3w_sunshine_drying_context_v1,drying_context_status,DRYING_CONTEXT_LIMITED_WITHOUT_SUNSHINE,1,1,0
ib3w_sunshine_drying_context_v1,sunshine_context_6h_status,BLOCKED_BY_GATE,26,0,0
ib3w_sunshine_drying_context_v1,sunshine_context_6h_status,SUNSHINE_CONTEXT_MISSING,1,1,0
ib3w_sunshine_drying_context_v1,sunshine_context_24h_status,BLOCKED_BY_GATE,26,0,0
ib3w_sunshine_drying_context_v1,sunshine_context_24h_status,SUNSHINE_CONTEXT_MISSING,1,1,0
ib3w_sunshine_drying_context_v1,soil_moisture_claim_status,NOT_CLAIMED_DRYING_CONTEXT_ONLY,27,1,0
ib3w_sunshine_drying_context_v1,terrain_surface_context_status,NOT_JOINED_IN_V1,27,1,0
ib3w_sunshine_drying_context_v1,overall,ALL_ACTIVITIES,27,1,0
